item_id,model_name,n_runs,llm_flip_rate,llm_output_entropy,human_entropy,human_disagreement_var,disagreement_tier,dataset
crehate-SBIC-425,llama-3.1-8b-instant,5,0.0,0.0,0.0,0.0,low,crehate
crehate-SBIC-472,llama-3.1-8b-instant,5,0.0,0.0,0.0,0.0,low,crehate
crehate-GB-Reddit-31,llama-3.1-8b-instant,5,0.0,0.0,0.0,0.0,low,crehate
crehate-GB-Reddit-30,llama-3.1-8b-instant,5,0.0,0.0,0.0,0.0,low,crehate
crehate-SG-YouTube-26,llama-3.1-8b-instant,5,0.0,0.0,0.0,0.0,low,crehate
crehate-SG-Reddit-32,llama-3.1-8b-instant,5,0.0,0.0,0.0,0.0,low,crehate
crehate-SBIC-311,llama-3.1-8b-instant,5,0.0,0.0,0.0,0.0,low,crehate
crehate-GB-YouTube-48,llama-3.1-8b-instant,5,0.4,0.971,0.0,0.0,low,crehate
crehate-SBIC-378,llama-3.1-8b-instant,5,0.4,0.971,0.0,0.0,low,crehate
crehate-GB-YouTube-68,llama-3.1-8b-instant,5,0.0,0.0,0.0,0.0,low,crehate
crehate-SBIC-245,llama-3.1-8b-instant,5,0.0,0.0,0.0,0.0,low,crehate
crehate-SBIC-369,llama-3.1-8b-instant,5,0.0,0.0,0.0,0.0,low,crehate
crehate-GB-YouTube-19,llama-3.1-8b-instant,5,0.0,0.0,0.0,0.0,low,crehate
crehate-ZA-YouTube-63,llama-3.1-8b-instant,5,0.0,0.0,0.0,0.0,low,crehate
crehate-SBIC-312,llama-3.1-8b-instant,5,0.0,0.0,0.0,0.0,low,crehate
crehate-SBIC-215,llama-3.1-8b-instant,5,0.0,0.0,0.0,0.0,low,crehate
crehate-SBIC-126,llama-3.1-8b-instant,5,0.0,0.0,0.0,0.0,low,crehate
crehate-SBIC-906,llama-3.1-8b-instant,5,0.0,0.0,0.0,0.0,low,crehate
crehate-SG-Reddit-29,llama-3.1-8b-instant,5,0.0,0.0,0.0,0.0,low,crehate
crehate-SBIC-354,llama-3.1-8b-instant,5,0.0,0.0,0.0,0.0,low,crehate
crehate-ZA-Reddit-12,llama-3.1-8b-instant,5,0.4,0.971,0.0,0.0,low,crehate
crehate-SBIC-477,llama-3.1-8b-instant,5,0.0,0.0,0.0,0.0,low,crehate
crehate-SBIC-52,llama-3.1-8b-instant,5,0.0,0.0,0.0,0.0,low,crehate
crehate-SBIC-733,llama-3.1-8b-instant,5,0.0,0.0,0.0,0.0,low,crehate
crehate-SBIC-206,llama-3.1-8b-instant,5,0.0,0.0,0.0,0.0,low,crehate
crehate-SG-Reddit-13,llama-3.1-8b-instant,5,0.0,0.0,0.0,0.0,low,crehate
crehate-AU-Reddit-27,llama-3.1-8b-instant,5,0.4,0.971,0.0,0.0,low,crehate
crehate-SBIC-21,llama-3.1-8b-instant,5,0.0,0.0,0.0,0.0,low,crehate
crehate-SBIC-450,llama-3.1-8b-instant,5,0.0,0.0,0.0,0.0,low,crehate
crehate-SG-Reddit-5,llama-3.1-8b-instant,5,0.4,0.971,0.0,0.0,low,crehate
crehate-SBIC-143,llama-3.1-8b-instant,5,0.0,0.0,0.0,0.0,low,crehate
crehate-SG-YouTube-14,llama-3.1-8b-instant,5,0.0,0.0,0.0,0.0,low,crehate
crehate-SG-YouTube-37,llama-3.1-8b-instant,5,0.0,0.0,0.0,0.0,low,crehate
crehate-SG-YouTube-30,llama-3.1-8b-instant,5,0.0,0.0,0.0,0.0,low,crehate
crehate-SBIC-428,llama-3.1-8b-instant,5,0.0,0.0,0.0,0.0,low,crehate
crehate-SG-YouTube-64,llama-3.1-8b-instant,5,0.0,0.0,0.0,0.0,low,crehate
crehate-SBIC-770,llama-3.1-8b-instant,5,0.0,0.0,0.0,0.0,low,crehate
crehate-SBIC-745,llama-3.1-8b-instant,4,0.0,0.0,0.0,0.0,low,crehate
crehate-SBIC-229,llama-3.1-8b-instant,5,0.0,0.0,0.0,0.0,low,crehate
crehate-SG-YouTube-13,llama-3.1-8b-instant,5,0.0,0.0,0.0,0.0,low,crehate
crehate-SBIC-421,llama-3.1-8b-instant,5,0.0,0.0,0.0,0.0,low,crehate
crehate-SBIC-604,llama-3.1-8b-instant,5,0.0,0.0,0.0,0.0,low,crehate
crehate-SG-Reddit-34,llama-3.1-8b-instant,5,0.0,0.0,0.0,0.0,low,crehate
crehate-SBIC-381,llama-3.1-8b-instant,5,0.0,0.0,0.0,0.0,low,crehate
crehate-SBIC-829,llama-3.1-8b-instant,5,0.0,0.0,0.0,0.0,low,crehate
crehate-ZA-Reddit-33,llama-3.1-8b-instant,4,0.0,0.0,0.0,0.0,low,crehate
crehate-SBIC-944,llama-3.1-8b-instant,4,0.0,0.0,0.0,0.0,low,crehate
crehate-SBIC-970,llama-3.1-8b-instant,4,0.0,0.0,0.0,0.0,low,crehate
crehate-GB-Reddit-0,llama-3.1-8b-instant,5,0.0,0.0,0.0,0.0,low,crehate
crehate-SBIC-615,llama-3.1-8b-instant,5,0.0,0.0,0.0,0.0,low,crehate
crehate-SBIC-732,llama-3.1-8b-instant,5,0.0,0.0,0.0,0.0,low,crehate
crehate-GB-YouTube-11,llama-3.1-8b-instant,5,0.0,0.0,0.0,0.0,low,crehate
crehate-SBIC-522,llama-3.1-8b-instant,5,0.0,0.0,0.0,0.0,low,crehate
crehate-GB-YouTube-51,llama-3.1-8b-instant,5,0.0,0.0,0.0,0.0,low,crehate
crehate-SBIC-191,llama-3.1-8b-instant,5,0.0,0.0,0.0,0.0,low,crehate
crehate-SBIC-588,llama-3.1-8b-instant,5,0.0,0.0,0.0,0.0,low,crehate
crehate-SG-YouTube-48,llama-3.1-8b-instant,5,0.0,0.0,0.0,0.0,low,crehate
crehate-AU-Reddit-0,llama-3.1-8b-instant,4,0.0,0.0,0.0,0.0,low,crehate
crehate-SG-YouTube-22,llama-3.1-8b-instant,5,0.0,0.0,0.0,0.0,low,crehate
crehate-AU-Reddit-68,llama-3.1-8b-instant,5,0.0,0.0,0.0,0.0,low,crehate
crehate-SBIC-430,llama-3.1-8b-instant,5,0.0,0.0,0.0,0.0,low,crehate
crehate-GB-Reddit-39,llama-3.1-8b-instant,5,0.4,0.971,0.0,0.0,low,crehate
crehate-SBIC-768,llama-3.1-8b-instant,5,0.0,0.0,0.0,0.0,low,crehate
crehate-SBIC-951,llama-3.1-8b-instant,5,0.0,0.0,0.0,0.0,low,crehate
crehate-AU-Reddit-30,llama-3.1-8b-instant,5,0.0,0.0,0.0,0.0,low,crehate
crehate-SBIC-368,llama-3.1-8b-instant,5,0.0,0.0,0.7219280948873623,0.4,high,crehate
crehate-AU-Reddit-13,llama-3.1-8b-instant,5,0.0,0.0,0.7219280948873623,0.4,high,crehate
crehate-AU-Reddit-20,llama-3.1-8b-instant,5,0.0,0.0,0.7219280948873623,0.4,high,crehate
crehate-GB-Reddit-59,llama-3.1-8b-instant,5,0.0,0.0,0.7219280948873623,0.4,high,crehate
crehate-SBIC-491,llama-3.1-8b-instant,5,0.0,0.0,0.9709505944546686,0.6,high,crehate
crehate-SBIC-750,llama-3.1-8b-instant,5,0.4,0.971,0.9709505944546686,0.6,high,crehate
crehate-SBIC-545,llama-3.1-8b-instant,5,0.0,0.0,0.7219280948873623,0.4,high,crehate
crehate-SBIC-497,llama-3.1-8b-instant,5,0.0,0.0,0.9709505944546686,0.6,high,crehate
crehate-GB-Reddit-27,llama-3.1-8b-instant,5,0.0,0.0,0.9709505944546686,0.6,high,crehate
crehate-SBIC-910,llama-3.1-8b-instant,5,0.0,0.0,0.9709505944546686,0.6,high,crehate
crehate-SBIC-656,llama-3.1-8b-instant,5,0.0,0.0,0.9709505944546686,0.6,high,crehate
crehate-SBIC-941,llama-3.1-8b-instant,5,0.0,0.0,0.9709505944546686,0.6,high,crehate
crehate-AU-Reddit-62,llama-3.1-8b-instant,5,0.0,0.0,0.7219280948873623,0.4,high,crehate
crehate-SBIC-671,llama-3.1-8b-instant,5,0.0,0.0,0.7219280948873623,0.4,high,crehate
crehate-ZA-Reddit-71,llama-3.1-8b-instant,5,0.4,0.971,0.9709505944546686,0.6,high,crehate
crehate-SBIC-723,llama-3.1-8b-instant,5,0.4,0.971,0.7219280948873623,0.4,high,crehate
crehate-AU-YouTube-11,llama-3.1-8b-instant,5,0.0,0.0,0.9709505944546686,0.6,high,crehate
crehate-SBIC-349,llama-3.1-8b-instant,5,0.0,0.0,0.7219280948873623,0.4,high,crehate
crehate-ZA-YouTube-58,llama-3.1-8b-instant,5,0.0,0.0,0.9709505944546686,0.6,high,crehate
crehate-GB-YouTube-34,llama-3.1-8b-instant,5,0.0,0.0,0.7219280948873623,0.4,high,crehate
crehate-ZA-YouTube-9,llama-3.1-8b-instant,5,0.0,0.0,0.7219280948873623,0.4,high,crehate
crehate-SBIC-613,llama-3.1-8b-instant,5,0.4,0.971,0.9709505944546686,0.6,high,crehate
crehate-ZA-YouTube-37,llama-3.1-8b-instant,5,0.0,0.0,0.7219280948873623,0.4,high,crehate
crehate-SBIC-520,llama-3.1-8b-instant,5,0.0,0.0,0.7219280948873623,0.4,high,crehate
crehate-SBIC-928,llama-3.1-8b-instant,5,0.0,0.0,0.9709505944546686,0.6,high,crehate
crehate-SBIC-353,llama-3.1-8b-instant,5,0.0,0.0,0.7219280948873623,0.4,high,crehate
crehate-SBIC-202,llama-3.1-8b-instant,5,0.0,0.0,0.9709505944546686,0.6,high,crehate
crehate-AU-YouTube-65,llama-3.1-8b-instant,5,0.0,0.0,0.9709505944546686,0.6,high,crehate
crehate-SG-Reddit-33,llama-3.1-8b-instant,5,0.0,0.0,0.7219280948873623,0.4,high,crehate
crehate-SG-YouTube-58,llama-3.1-8b-instant,5,0.0,0.0,0.7219280948873623,0.4,high,crehate
crehate-AU-Reddit-71,llama-3.1-8b-instant,5,0.4,0.971,0.9709505944546686,0.6,high,crehate
crehate-AU-YouTube-1,llama-3.1-8b-instant,5,0.4,0.971,0.7219280948873623,0.4,high,crehate
crehate-SBIC-12,llama-3.1-8b-instant,5,0.0,0.0,0.9709505944546686,0.6,high,crehate
crehate-AU-YouTube-56,llama-3.1-8b-instant,5,0.0,0.0,0.9709505944546686,0.6,high,crehate
crehate-SBIC-108,llama-3.1-8b-instant,5,0.0,0.0,0.7219280948873623,0.4,high,crehate
crehate-SBIC-582,llama-3.1-8b-instant,5,0.0,0.0,0.9709505944546686,0.6,high,crehate
crehate-SBIC-393,llama-3.1-8b-instant,5,0.0,0.0,0.7219280948873623,0.4,high,crehate
crehate-GB-YouTube-44,llama-3.1-8b-instant,5,0.4,0.971,0.7219280948873623,0.4,high,crehate
crehate-AU-Reddit-21,llama-3.1-8b-instant,5,0.0,0.0,0.9709505944546686,0.6,high,crehate
crehate-SG-Reddit-6,llama-3.1-8b-instant,5,0.0,0.0,0.7219280948873623,0.4,high,crehate
crehate-SBIC-434,llama-3.1-8b-instant,5,0.4,0.971,0.7219280948873623,0.4,high,crehate
crehate-AU-YouTube-38,llama-3.1-8b-instant,5,0.0,0.0,0.7219280948873623,0.4,high,crehate
crehate-SBIC-647,llama-3.1-8b-instant,5,0.0,0.0,0.9709505944546686,0.6,high,crehate
crehate-SBIC-900,llama-3.1-8b-instant,5,0.0,0.0,0.9709505944546686,0.6,high,crehate
crehate-SG-YouTube-59,llama-3.1-8b-instant,5,0.0,0.0,0.7219280948873623,0.4,high,crehate
crehate-SBIC-948,llama-3.1-8b-instant,5,0.0,0.0,0.7219280948873623,0.4,high,crehate
crehate-GB-Reddit-21,llama-3.1-8b-instant,5,0.0,0.0,0.9709505944546686,0.6,high,crehate
crehate-SG-Reddit-46,llama-3.1-8b-instant,5,0.4,0.971,0.9709505944546686,0.6,high,crehate
crehate-SBIC-374,llama-3.1-8b-instant,5,0.0,0.0,0.7219280948873623,0.4,high,crehate
crehate-ZA-Reddit-65,llama-3.1-8b-instant,5,0.0,0.0,0.7219280948873623,0.4,high,crehate
crehate-SBIC-619,llama-3.1-8b-instant,5,0.0,0.0,0.9709505944546686,0.6,high,crehate
crehate-GB-YouTube-43,llama-3.1-8b-instant,5,0.0,0.0,0.9709505944546686,0.6,high,crehate
crehate-SBIC-559,llama-3.1-8b-instant,5,0.0,0.0,0.7219280948873623,0.4,high,crehate
crehate-SG-YouTube-17,llama-3.1-8b-instant,5,0.0,0.0,0.9709505944546686,0.6,high,crehate
crehate-SBIC-107,llama-3.1-8b-instant,5,0.0,0.0,0.7219280948873623,0.4,high,crehate
crehate-ZA-Reddit-2,llama-3.1-8b-instant,5,0.0,0.0,0.9709505944546686,0.6,high,crehate
crehate-ZA-Reddit-29,llama-3.1-8b-instant,5,0.0,0.0,0.7219280948873623,0.4,high,crehate
crehate-SBIC-93,llama-3.1-8b-instant,5,0.0,0.0,0.9709505944546686,0.6,high,crehate
crehate-SBIC-914,llama-3.1-8b-instant,5,0.0,0.0,0.7219280948873623,0.4,high,crehate
crehate-ZA-Reddit-19,llama-3.1-8b-instant,5,0.0,0.0,0.7219280948873623,0.4,high,crehate
crehate-ZA-YouTube-44,llama-3.1-8b-instant,5,0.4,0.971,0.7219280948873623,0.4,high,crehate
crehate-SBIC-880,llama-3.1-8b-instant,5,0.0,0.0,0.9709505944546686,0.6,high,crehate
crehate-SBIC-501,llama-3.1-8b-instant,5,0.4,0.971,0.7219280948873623,0.4,high,crehate
crehate-SBIC-754,llama-3.1-8b-instant,5,0.4,0.971,0.7219280948873623,0.4,high,crehate
crehate-SBIC-518,llama-3.1-8b-instant,5,0.0,0.0,0.9709505944546686,0.6,high,crehate
crehate-SBIC-456,llama-3.1-8b-instant,5,0.4,0.971,0.9709505944546686,0.6,high,crehate
crehate-SBIC-0,llama-3.1-8b-instant,5,0.0,0.0,0.0,0.0,low,crehate
crehate-SBIC-1,llama-3.1-8b-instant,5,0.0,0.0,0.0,0.0,low,crehate
crehate-SBIC-2,llama-3.1-8b-instant,5,0.0,0.0,0.0,0.0,low,crehate
crehate-SBIC-3,llama-3.1-8b-instant,5,0.0,0.0,0.0,0.0,low,crehate
crehate-SBIC-4,llama-3.1-8b-instant,5,0.0,0.0,0.7219280948873623,0.4,high,crehate
crehate-SBIC-5,llama-3.1-8b-instant,5,0.0,0.0,0.0,0.0,low,crehate
crehate-SBIC-6,llama-3.1-8b-instant,5,0.0,0.0,0.0,0.0,low,crehate
crehate-SBIC-7,llama-3.1-8b-instant,5,0.0,0.0,0.0,0.0,low,crehate
crehate-SBIC-8,llama-3.1-8b-instant,5,0.4,0.971,0.9709505944546686,0.6,high,crehate
crehate-SBIC-9,llama-3.1-8b-instant,5,0.0,0.0,0.0,0.0,low,crehate
crehate-SBIC-10,llama-3.1-8b-instant,5,0.0,0.0,0.0,0.0,low,crehate
crehate-SBIC-11,llama-3.1-8b-instant,5,0.0,0.0,0.0,0.0,low,crehate
crehate-SBIC-13,llama-3.1-8b-instant,5,0.0,0.0,0.7219280948873623,0.4,high,crehate
crehate-SBIC-14,llama-3.1-8b-instant,5,0.0,0.0,0.7219280948873623,0.4,high,crehate
crehate-SBIC-15,llama-3.1-8b-instant,5,0.0,0.0,0.9709505944546686,0.6,high,crehate
crehate-SBIC-16,llama-3.1-8b-instant,5,0.0,0.0,0.0,0.0,low,crehate
crehate-SBIC-17,llama-3.1-8b-instant,5,0.0,0.0,0.0,0.0,low,crehate
crehate-SBIC-18,llama-3.1-8b-instant,5,0.0,0.0,0.0,0.0,low,crehate
crehate-SBIC-19,llama-3.1-8b-instant,5,0.0,0.0,0.7219280948873623,0.4,high,crehate
crehate-SBIC-20,llama-3.1-8b-instant,5,0.0,0.0,0.0,0.0,low,crehate
crehate-SBIC-22,llama-3.1-8b-instant,5,0.0,0.0,0.0,0.0,low,crehate
crehate-SBIC-23,llama-3.1-8b-instant,5,0.0,0.0,0.0,0.0,low,crehate
crehate-SBIC-24,llama-3.1-8b-instant,5,0.0,0.0,0.0,0.0,low,crehate
crehate-SBIC-25,llama-3.1-8b-instant,5,0.0,0.0,0.0,0.0,low,crehate
crehate-SBIC-26,llama-3.1-8b-instant,5,0.0,0.0,0.7219280948873623,0.4,high,crehate
crehate-SBIC-27,llama-3.1-8b-instant,5,0.4,0.971,0.7219280948873623,0.4,high,crehate
crehate-SBIC-28,llama-3.1-8b-instant,5,0.0,0.0,0.0,0.0,low,crehate
crehate-SBIC-29,llama-3.1-8b-instant,5,0.0,0.0,0.7219280948873623,0.4,high,crehate
crehate-SBIC-30,llama-3.1-8b-instant,5,0.0,0.0,0.7219280948873623,0.4,high,crehate
crehate-SBIC-31,llama-3.1-8b-instant,5,0.0,0.0,0.0,0.0,low,crehate
crehate-SBIC-32,llama-3.1-8b-instant,5,0.4,0.971,0.7219280948873623,0.4,high,crehate
crehate-SBIC-33,llama-3.1-8b-instant,5,0.0,0.0,0.0,0.0,low,crehate
crehate-SBIC-34,llama-3.1-8b-instant,5,0.0,0.0,0.0,0.0,low,crehate
crehate-SBIC-35,llama-3.1-8b-instant,5,0.0,0.0,0.9709505944546686,0.6,high,crehate
crehate-SBIC-36,llama-3.1-8b-instant,5,0.0,0.0,0.9709505944546686,0.6,high,crehate
crehate-SBIC-37,llama-3.1-8b-instant,5,0.4,0.971,0.0,0.0,low,crehate
crehate-SBIC-38,llama-3.1-8b-instant,5,0.0,0.0,0.9709505944546686,0.6,high,crehate
crehate-SBIC-39,llama-3.1-8b-instant,5,0.0,0.0,0.0,0.0,low,crehate
crehate-SBIC-40,llama-3.1-8b-instant,5,0.0,0.0,0.0,0.0,low,crehate
crehate-SBIC-41,llama-3.1-8b-instant,5,0.0,0.0,0.9709505944546686,0.6,high,crehate
crehate-SBIC-42,llama-3.1-8b-instant,5,0.0,0.0,0.9709505944546686,0.6,high,crehate
crehate-SBIC-43,llama-3.1-8b-instant,5,0.0,0.0,0.9709505944546686,0.6,high,crehate
crehate-SBIC-44,llama-3.1-8b-instant,5,0.0,0.0,0.9709505944546686,0.6,high,crehate
crehate-SBIC-45,llama-3.1-8b-instant,5,0.4,0.971,0.9709505944546686,0.6,high,crehate
crehate-SBIC-46,llama-3.1-8b-instant,5,0.4,0.971,0.9709505944546686,0.6,high,crehate
crehate-SBIC-47,llama-3.1-8b-instant,5,0.0,0.0,0.7219280948873623,0.4,high,crehate
crehate-SBIC-48,llama-3.1-8b-instant,5,0.0,0.0,0.0,0.0,low,crehate
crehate-SBIC-49,llama-3.1-8b-instant,5,0.0,0.0,0.0,0.0,low,crehate
crehate-SBIC-50,llama-3.1-8b-instant,5,0.0,0.0,0.0,0.0,low,crehate
crehate-SBIC-51,llama-3.1-8b-instant,5,0.0,0.0,0.0,0.0,low,crehate
crehate-SBIC-53,llama-3.1-8b-instant,5,0.0,0.0,0.0,0.0,low,crehate
crehate-SBIC-54,llama-3.1-8b-instant,5,0.0,0.0,0.0,0.0,low,crehate
crehate-SBIC-55,llama-3.1-8b-instant,5,0.0,0.0,0.9709505944546686,0.6,high,crehate
crehate-SBIC-56,llama-3.1-8b-instant,5,0.0,0.0,0.9709505944546686,0.6,high,crehate
crehate-SBIC-57,llama-3.1-8b-instant,5,0.0,0.0,0.7219280948873623,0.4,high,crehate
crehate-SBIC-58,llama-3.1-8b-instant,5,0.0,0.0,0.9709505944546686,0.6,high,crehate
crehate-SBIC-59,llama-3.1-8b-instant,5,0.0,0.0,0.7219280948873623,0.4,high,crehate
crehate-SBIC-60,llama-3.1-8b-instant,5,0.4,0.971,0.7219280948873623,0.4,high,crehate
crehate-SBIC-61,llama-3.1-8b-instant,5,0.0,0.0,0.0,0.0,low,crehate
crehate-SBIC-62,llama-3.1-8b-instant,5,0.0,0.0,0.9709505944546686,0.6,high,crehate
crehate-SBIC-63,llama-3.1-8b-instant,5,0.0,0.0,0.0,0.0,low,crehate
crehate-SBIC-64,llama-3.1-8b-instant,5,0.0,0.0,0.7219280948873623,0.4,high,crehate
crehate-SBIC-65,llama-3.1-8b-instant,5,0.0,0.0,0.0,0.0,low,crehate
crehate-SBIC-66,llama-3.1-8b-instant,5,0.0,0.0,0.0,0.0,low,crehate
crehate-SBIC-67,llama-3.1-8b-instant,5,0.0,0.0,0.0,0.0,low,crehate
crehate-SBIC-68,llama-3.1-8b-instant,5,0.0,0.0,0.0,0.0,low,crehate
crehate-SBIC-69,llama-3.1-8b-instant,5,0.0,0.0,0.7219280948873623,0.4,high,crehate
crehate-SBIC-70,llama-3.1-8b-instant,5,0.0,0.0,0.0,0.0,low,crehate
crehate-SBIC-71,llama-3.1-8b-instant,5,0.0,0.0,0.0,0.0,low,crehate
crehate-SBIC-72,llama-3.1-8b-instant,5,0.0,0.0,0.0,0.0,low,crehate
crehate-SBIC-73,llama-3.1-8b-instant,5,0.4,0.971,0.0,0.0,low,crehate
crehate-SBIC-74,llama-3.1-8b-instant,5,0.4,0.971,0.0,0.0,low,crehate
crehate-SBIC-75,llama-3.1-8b-instant,5,0.4,0.971,0.0,0.0,low,crehate
crehate-SBIC-76,llama-3.1-8b-instant,5,0.0,0.0,0.9709505944546686,0.6,high,crehate
crehate-SBIC-77,llama-3.1-8b-instant,5,0.0,0.0,0.0,0.0,low,crehate
crehate-SBIC-78,llama-3.1-8b-instant,5,0.0,0.0,0.0,0.0,low,crehate
crehate-SBIC-79,llama-3.1-8b-instant,5,0.0,0.0,0.0,0.0,low,crehate
crehate-SBIC-80,llama-3.1-8b-instant,5,0.0,0.0,0.7219280948873623,0.4,high,crehate
crehate-SBIC-81,llama-3.1-8b-instant,5,0.0,0.0,0.7219280948873623,0.4,high,crehate
crehate-SBIC-82,llama-3.1-8b-instant,5,0.4,0.971,0.9709505944546686,0.6,high,crehate
crehate-SBIC-83,llama-3.1-8b-instant,5,0.0,0.0,0.0,0.0,low,crehate
crehate-SBIC-84,llama-3.1-8b-instant,5,0.0,0.0,0.7219280948873623,0.4,high,crehate
crehate-SBIC-85,llama-3.1-8b-instant,5,0.0,0.0,0.0,0.0,low,crehate
crehate-SBIC-86,llama-3.1-8b-instant,5,0.4,0.971,0.7219280948873623,0.4,high,crehate
crehate-SBIC-87,llama-3.1-8b-instant,5,0.0,0.0,0.0,0.0,low,crehate
crehate-SBIC-88,llama-3.1-8b-instant,5,0.4,0.971,0.0,0.0,low,crehate
crehate-SBIC-89,llama-3.1-8b-instant,5,0.0,0.0,0.7219280948873623,0.4,high,crehate
crehate-SBIC-90,llama-3.1-8b-instant,5,0.0,0.0,0.0,0.0,low,crehate
crehate-SBIC-91,llama-3.1-8b-instant,5,0.0,0.0,0.0,0.0,low,crehate
crehate-SBIC-92,llama-3.1-8b-instant,5,0.0,0.0,0.7219280948873623,0.4,high,crehate
crehate-SBIC-94,llama-3.1-8b-instant,5,0.0,0.0,0.0,0.0,low,crehate
crehate-SBIC-95,llama-3.1-8b-instant,5,0.0,0.0,0.0,0.0,low,crehate
crehate-SBIC-96,llama-3.1-8b-instant,5,0.0,0.0,0.0,0.0,low,crehate
crehate-SBIC-97,llama-3.1-8b-instant,5,0.0,0.0,0.0,0.0,low,crehate
crehate-SBIC-98,llama-3.1-8b-instant,5,0.0,0.0,0.0,0.0,low,crehate
crehate-SBIC-99,llama-3.1-8b-instant,5,0.0,0.0,0.0,0.0,low,crehate
crehate-SBIC-100,llama-3.1-8b-instant,5,0.0,0.0,0.7219280948873623,0.4,high,crehate
crehate-SBIC-101,llama-3.1-8b-instant,5,0.0,0.0,0.7219280948873623,0.4,high,crehate
crehate-SBIC-102,llama-3.1-8b-instant,5,0.0,0.0,0.0,0.0,low,crehate
crehate-SBIC-103,llama-3.1-8b-instant,5,0.4,0.971,0.0,0.0,low,crehate
crehate-SBIC-104,llama-3.1-8b-instant,5,0.4,0.971,0.7219280948873623,0.4,high,crehate
crehate-SBIC-105,llama-3.1-8b-instant,5,0.0,0.0,0.0,0.0,low,crehate
crehate-SBIC-106,llama-3.1-8b-instant,5,0.0,0.0,0.0,0.0,low,crehate
crehate-SBIC-109,llama-3.1-8b-instant,5,0.0,0.0,0.0,0.0,low,crehate
crehate-SBIC-110,llama-3.1-8b-instant,5,0.4,0.971,0.7219280948873623,0.4,high,crehate
crehate-SBIC-111,llama-3.1-8b-instant,5,0.0,0.0,0.0,0.0,low,crehate
crehate-SBIC-112,llama-3.1-8b-instant,5,0.0,0.0,0.7219280948873623,0.4,high,crehate
crehate-SBIC-113,llama-3.1-8b-instant,5,0.0,0.0,0.0,0.0,low,crehate
crehate-SBIC-114,llama-3.1-8b-instant,5,0.0,0.0,0.0,0.0,low,crehate
crehate-SBIC-115,llama-3.1-8b-instant,5,0.0,0.0,0.9709505944546686,0.6,high,crehate
crehate-SBIC-116,llama-3.1-8b-instant,5,0.0,0.0,0.0,0.0,low,crehate
crehate-SBIC-117,llama-3.1-8b-instant,5,0.0,0.0,0.7219280948873623,0.4,high,crehate
crehate-SBIC-118,llama-3.1-8b-instant,5,0.4,0.971,0.0,0.0,low,crehate
crehate-SBIC-119,llama-3.1-8b-instant,5,0.0,0.0,0.7219280948873623,0.4,high,crehate
crehate-SBIC-120,llama-3.1-8b-instant,5,0.4,0.971,0.7219280948873623,0.4,high,crehate
crehate-SBIC-121,llama-3.1-8b-instant,5,0.0,0.0,0.0,0.0,low,crehate
crehate-SBIC-122,llama-3.1-8b-instant,5,0.0,0.0,0.0,0.0,low,crehate
crehate-SBIC-123,llama-3.1-8b-instant,5,0.0,0.0,0.9709505944546686,0.6,high,crehate
crehate-SBIC-124,llama-3.1-8b-instant,5,0.0,0.0,0.7219280948873623,0.4,high,crehate
crehate-SBIC-125,llama-3.1-8b-instant,5,0.0,0.0,0.7219280948873623,0.4,high,crehate
crehate-SBIC-127,llama-3.1-8b-instant,5,0.0,0.0,0.0,0.0,low,crehate
crehate-SBIC-128,llama-3.1-8b-instant,5,0.0,0.0,0.7219280948873623,0.4,high,crehate
crehate-SBIC-129,llama-3.1-8b-instant,5,0.0,0.0,0.0,0.0,low,crehate
crehate-SBIC-130,llama-3.1-8b-instant,5,0.4,0.971,0.0,0.0,low,crehate
crehate-SBIC-131,llama-3.1-8b-instant,5,0.4,0.971,0.0,0.0,low,crehate
crehate-SBIC-132,llama-3.1-8b-instant,5,0.0,0.0,0.0,0.0,low,crehate
crehate-SBIC-133,llama-3.1-8b-instant,5,0.0,0.0,0.0,0.0,low,crehate
crehate-SBIC-134,llama-3.1-8b-instant,5,0.0,0.0,0.0,0.0,low,crehate
crehate-SBIC-135,llama-3.1-8b-instant,5,0.4,0.971,0.9709505944546686,0.6,high,crehate
crehate-SBIC-136,llama-3.1-8b-instant,5,0.0,0.0,0.0,0.0,low,crehate
crehate-SBIC-137,llama-3.1-8b-instant,5,0.4,0.971,0.7219280948873623,0.4,high,crehate
crehate-SBIC-138,llama-3.1-8b-instant,5,0.4,0.971,0.0,0.0,low,crehate
crehate-SBIC-139,llama-3.1-8b-instant,5,0.0,0.0,0.0,0.0,low,crehate
crehate-SBIC-140,llama-3.1-8b-instant,5,0.0,0.0,0.0,0.0,low,crehate
crehate-SBIC-141,llama-3.1-8b-instant,5,0.0,0.0,0.0,0.0,low,crehate
crehate-SBIC-142,llama-3.1-8b-instant,5,0.0,0.0,0.0,0.0,low,crehate
crehate-SBIC-144,llama-3.1-8b-instant,5,0.4,0.971,0.0,0.0,low,crehate
crehate-SBIC-145,llama-3.1-8b-instant,5,0.0,0.0,0.9709505944546686,0.6,high,crehate
crehate-SBIC-146,llama-3.1-8b-instant,5,0.0,0.0,0.7219280948873623,0.4,high,crehate
crehate-SBIC-147,llama-3.1-8b-instant,5,0.0,0.0,0.9709505944546686,0.6,high,crehate
crehate-SBIC-148,llama-3.1-8b-instant,5,0.0,0.0,0.0,0.0,low,crehate
crehate-SBIC-149,llama-3.1-8b-instant,5,0.0,0.0,0.0,0.0,low,crehate
crehate-SBIC-150,llama-3.1-8b-instant,5,0.0,0.0,0.7219280948873623,0.4,high,crehate
crehate-SBIC-151,llama-3.1-8b-instant,5,0.0,0.0,0.0,0.0,low,crehate
crehate-SBIC-152,llama-3.1-8b-instant,5,0.0,0.0,0.0,0.0,low,crehate
crehate-SBIC-153,llama-3.1-8b-instant,5,0.0,0.0,0.7219280948873623,0.4,high,crehate
crehate-SBIC-154,llama-3.1-8b-instant,5,0.0,0.0,0.0,0.0,low,crehate
crehate-SBIC-155,llama-3.1-8b-instant,5,0.0,0.0,0.7219280948873623,0.4,high,crehate
crehate-SBIC-156,llama-3.1-8b-instant,5,0.0,0.0,0.0,0.0,low,crehate
crehate-SBIC-157,llama-3.1-8b-instant,5,0.0,0.0,0.0,0.0,low,crehate
crehate-SBIC-158,llama-3.1-8b-instant,5,0.0,0.0,0.0,0.0,low,crehate
crehate-SBIC-159,llama-3.1-8b-instant,5,0.0,0.0,0.0,0.0,low,crehate
crehate-SBIC-160,llama-3.1-8b-instant,5,0.0,0.0,0.0,0.0,low,crehate
crehate-SBIC-161,llama-3.1-8b-instant,5,0.0,0.0,0.0,0.0,low,crehate
crehate-SBIC-162,llama-3.1-8b-instant,5,0.4,0.971,0.0,0.0,low,crehate
crehate-SBIC-163,llama-3.1-8b-instant,5,0.4,0.971,0.0,0.0,low,crehate
crehate-SBIC-164,llama-3.1-8b-instant,5,0.0,0.0,0.0,0.0,low,crehate
crehate-SBIC-165,llama-3.1-8b-instant,5,0.0,0.0,0.9709505944546686,0.6,high,crehate
crehate-SBIC-166,llama-3.1-8b-instant,5,0.0,0.0,0.0,0.0,low,crehate
crehate-SBIC-167,llama-3.1-8b-instant,5,0.0,0.0,0.0,0.0,low,crehate
crehate-SBIC-168,llama-3.1-8b-instant,5,0.0,0.0,0.7219280948873623,0.4,high,crehate
crehate-SBIC-169,llama-3.1-8b-instant,5,0.0,0.0,0.0,0.0,low,crehate
crehate-SBIC-170,llama-3.1-8b-instant,5,0.0,0.0,0.0,0.0,low,crehate
crehate-SBIC-171,llama-3.1-8b-instant,5,0.0,0.0,0.0,0.0,low,crehate
crehate-SBIC-172,llama-3.1-8b-instant,1,0.0,0.0,0.7219280948873623,0.4,high,crehate
